lint	scope	package	target_kind	target_name	file	line	column
clippy::disallowed_methods	production	fdu-core	custom-build	build-script-build	crates/fdu-core/build.rs	42	5
clippy::disallowed_methods	test-or-build	fdu-core	lib	fdu_core	crates/fdu-core/src/cache.rs	135	9
clippy::disallowed_methods	test-or-build	fdu-core	lib	fdu_core	crates/fdu-core/src/cache.rs	166	9
clippy::disallowed_methods	test-or-build	fdu-core	lib	fdu_core	crates/fdu-core/src/cache.rs	192	9
clippy::disallowed_methods	test-or-build	fdu-core	lib	fdu_core	crates/fdu-core/src/cache.rs	217	9
clippy::disallowed_methods	test-or-build	fdu-core	lib	fdu_core	crates/fdu-core/src/content/content_analysis.rs	441	9
clippy::disallowed_methods	test-or-build	fdu-core	lib	fdu_core	crates/fdu-core/src/content/content_analysis.rs	443	9
clippy::disallowed_methods	test-or-build	fdu-core	lib	fdu_core	crates/fdu-core/src/content/content_analysis.rs	464	9
clippy::disallowed_methods	test-or-build	fdu-core	lib	fdu_core	crates/fdu-core/src/content/content_analysis.rs	465	9
clippy::disallowed_methods	test-or-build	fdu-core	lib	fdu_core	crates/fdu-core/src/content/content_analysis.rs	490	9
clippy::disallowed_methods	test-or-build	fdu-core	lib	fdu_core	crates/fdu-core/src/content/content_analysis.rs	518	9
clippy::disallowed_methods	test-or-build	fdu-core	lib	fdu_core	crates/fdu-core/src/content/content_analysis.rs	541	9
clippy::disallowed_methods	test-or-build	fdu-core	lib	fdu_core	crates/fdu-core/src/content/content_analysis.rs	542	9
clippy::disallowed_methods	test-or-build	fdu-core	lib	fdu_core	crates/fdu-core/src/content/content_analysis.rs	565	9
clippy::disallowed_methods	test-or-build	fdu-core	lib	fdu_core	crates/fdu-core/src/content/content_analysis.rs	570	9
clippy::disallowed_methods	test-or-build	fdu-core	lib	fdu_core	crates/fdu-core/src/content/content_analysis.rs	575	9
clippy::disallowed_methods	test-or-build	fdu-core	lib	fdu_core	crates/fdu-core/src/content/content_analysis.rs	640	9
clippy::disallowed_methods	test-or-build	fdu-core	lib	fdu_core	crates/fdu-core/src/content/content_analysis.rs	642	9
clippy::disallowed_methods	test-or-build	fdu-core	lib	fdu_core	crates/fdu-core/src/content/content_analysis.rs	696	9
clippy::disallowed_methods	test-or-build	fdu-core	lib	fdu_core	crates/fdu-core/src/content/content_analysis.rs	701	9
clippy::disallowed_methods	test-or-build	fdu-core	lib	fdu_core	crates/fdu-core/src/content/content_analysis.rs	795	9
clippy::disallowed_methods	test-or-build	fdu-core	lib	fdu_core	crates/fdu-core/src/content/content_cache.rs	595	9
clippy::disallowed_methods	test-or-build	fdu-core	lib	fdu_core	crates/fdu-core/src/content/content_cache.rs	614	9
clippy::disallowed_methods	test-or-build	fdu-core	lib	fdu_core	crates/fdu-core/src/content/content_cache.rs	615	9
clippy::disallowed_methods	test-or-build	fdu-core	lib	fdu_core	crates/fdu-core/src/content/content_cache.rs	696	9
clippy::disallowed_methods	test-or-build	fdu-core	lib	fdu_core	crates/fdu-core/src/counters/process.rs	312	9
clippy::disallowed_methods	test-or-build	fdu-core	lib	fdu_core	crates/fdu-core/src/execution.rs	443	9
clippy::disallowed_methods	test-or-build	fdu-core	lib	fdu_core	crates/fdu-core/src/execution.rs	478	9
clippy::disallowed_methods	test-or-build	fdu-core	lib	fdu_core	crates/fdu-core/src/execution.rs	499	9
clippy::disallowed_methods	test-or-build	fdu-core	lib	fdu_core	crates/fdu-core/src/execution.rs	500	9
clippy::disallowed_methods	test-or-build	fdu-core	lib	fdu_core	crates/fdu-core/src/execution.rs	543	9
clippy::disallowed_methods	test-or-build	fdu-core	lib	fdu_core	crates/fdu-core/src/lib.rs	1117	9
clippy::disallowed_methods	test-or-build	fdu-core	lib	fdu_core	crates/fdu-core/src/lib.rs	631	9
clippy::disallowed_methods	test-or-build	fdu-core	lib	fdu_core	crates/fdu-core/src/platform_tuning.rs	266	17
clippy::disallowed_methods	test-or-build	fdu-core	lib	fdu_core	crates/fdu-core/src/platform_tuning.rs	268	13
clippy::disallowed_methods	test-or-build	fdu-core	lib	fdu_core	crates/fdu-core/src/scan.rs	3760	21
clippy::disallowed_methods	test-or-build	fdu-core	lib	fdu_core	crates/fdu-core/src/snapshot.rs	1020	9
clippy::disallowed_methods	test-or-build	fdu-core	lib	fdu_core	crates/fdu-core/src/snapshot.rs	1078	13
clippy::disallowed_methods	test-or-build	fdu-core	lib	fdu_core	crates/fdu-core/src/snapshot.rs	1258	9
clippy::disallowed_methods	test-or-build	fdu-core	lib	fdu_core	crates/fdu-core/src/snapshot.rs	1270	13
clippy::disallowed_methods	test-or-build	fdu-core	lib	fdu_core	crates/fdu-core/src/snapshot.rs	1289	9
clippy::disallowed_methods	test-or-build	fdu-core	lib	fdu_core	crates/fdu-core/src/snapshot.rs	1308	9
clippy::disallowed_methods	test-or-build	fdu-core	lib	fdu_core	crates/fdu-core/src/snapshot.rs	1335	9
clippy::disallowed_methods	test-or-build	fdu-core	lib	fdu_core	crates/fdu-core/src/snapshot.rs	1350	9
clippy::disallowed_methods	test-or-build	fdu-core	lib	fdu_core	crates/fdu-core/src/snapshot.rs	1365	9
clippy::disallowed_methods	test-or-build	fdu-core	lib	fdu_core	crates/fdu-core/src/snapshot.rs	1415	9
clippy::disallowed_methods	test-or-build	fdu-core	lib	fdu_core	crates/fdu-core/src/snapshot.rs	1416	9
clippy::disallowed_methods	test-or-build	fdu-core	lib	fdu_core	crates/fdu-core/src/snapshot.rs	1461	13
clippy::disallowed_methods	test-or-build	fdu-core	lib	fdu_core	crates/fdu-core/src/test_support.rs	19	8
clippy::disallowed_methods	test-or-build	fdu-core	lib	fdu_core	crates/fdu-core/src/watch.rs	1057	9
clippy::disallowed_methods	test-or-build	fdu-core	lib	fdu_core	crates/fdu-core/src/watch.rs	1103	9
clippy::disallowed_methods	test-or-build	fdu-core	lib	fdu_core	crates/fdu-core/src/watch.rs	1119	9
clippy::disallowed_methods	test-or-build	fdu-core	lib	fdu_core	crates/fdu-core/src/watch.rs	1130	9
clippy::disallowed_methods	test-or-build	fdu-core	lib	fdu_core	crates/fdu-core/src/watch.rs	715	9
clippy::disallowed_methods	test-or-build	fdu-core	lib	fdu_core	crates/fdu-core/src/watch.rs	741	9
clippy::disallowed_methods	test-or-build	fdu-core	lib	fdu_core	crates/fdu-core/src/watch.rs	767	9
clippy::disallowed_methods	test-or-build	fdu-core	test	parallel_equivalence	crates/fdu-core/tests/parallel_equivalence.rs	158	12
clippy::disallowed_methods	test-or-build	fdu-core	test	parallel_equivalence	crates/fdu-core/tests/parallel_equivalence.rs	175	16
clippy::disallowed_methods	test-or-build	fdu-core	test	parallel_equivalence	crates/fdu-core/tests/parallel_equivalence.rs	338	13
clippy::disallowed_methods	test-or-build	fdu-core	test	parallel_equivalence	crates/fdu-core/tests/parallel_equivalence.rs	437	25
clippy::disallowed_methods	test-or-build	fdu-core	test	parallel_equivalence	crates/fdu-core/tests/parallel_equivalence.rs	96	5
clippy::disallowed_methods	test-or-build	fdu-core	test	watch_session	crates/fdu-core/tests/watch_session_integration.rs	114	5
clippy::disallowed_methods	test-or-build	fdu-core	test	watch_session	crates/fdu-core/tests/watch_session_integration.rs	147	5
clippy::disallowed_methods	test-or-build	fdu-core	test	watch_session	crates/fdu-core/tests/watch_session_integration.rs	163	5
clippy::disallowed_methods	test-or-build	fdu-core	test	watch_session	crates/fdu-core/tests/watch_session_integration.rs	53	5
clippy::disallowed_methods	test-or-build	fdu-core	test	watch_session	crates/fdu-core/tests/watch_session_integration.rs	56	5
clippy::disallowed_methods	test-or-build	fdu-core	test	watch_session	crates/fdu-core/tests/watch_session_integration.rs	68	5
clippy::disallowed_methods	test-or-build	fdu-core	test	watch_session	crates/fdu-core/tests/watch_session_integration.rs	90	5
clippy::disallowed_methods	test-or-build	fdu-core	test	watch_session	crates/fdu-core/tests/watch_session_integration.rs	91	5
clippy::disallowed_methods	test-or-build	fdu	lib	fdu	crates/fdu/src/cli.rs	2213	9
clippy::disallowed_methods	test-or-build	fdu	lib	fdu	crates/fdu/src/cli.rs	2237	9
clippy::disallowed_methods	test-or-build	fdu	lib	fdu	crates/fdu/src/cli.rs	2238	9
clippy::disallowed_methods	test-or-build	fdu	lib	fdu	crates/fdu/src/cli.rs	2308	9
clippy::disallowed_methods	test-or-build	fdu	test	cli_color	crates/fdu/tests/cli_color.rs	67	5
clippy::disallowed_methods	test-or-build	fdu	test	cli_exit	crates/fdu/tests/cli_exit.rs	125	5
clippy::disallowed_methods	test-or-build	fdu	test	cli_exit	crates/fdu/tests/cli_exit.rs	19	5
clippy::disallowed_methods	test-or-build	fdu	test	cli_exit	crates/fdu/tests/cli_exit.rs	34	5
clippy::disallowed_methods	test-or-build	fdu	test	scan_watermark	crates/fdu/tests/scan_watermark_integration.rs	48	5
clippy::disallowed_methods	test-or-build	fdu	test	scan_watermark	crates/fdu/tests/scan_watermark_integration.rs	57	5
clippy::disallowed_methods	test-or-build	fdu	test	watch_persistence	crates/fdu/tests/watch_persistence.rs	110	5
clippy::disallowed_methods	test-or-build	fdu	test	watch_persistence	crates/fdu/tests/watch_persistence.rs	131	5
clippy::disallowed_methods	test-or-build	fdu	test	watch_persistence	crates/fdu/tests/watch_persistence.rs	147	5
clippy::disallowed_methods	test-or-build	fdu	test	watch_persistence	crates/fdu/tests/watch_persistence.rs	77	5
clippy::expect_used	production	fdu-core	custom-build	build-script-build	crates/fdu-core/build.rs	215	5
clippy::expect_used	production	fdu-core	custom-build	build-script-build	crates/fdu-core/build.rs	222	9
clippy::expect_used	production	fdu-core	custom-build	build-script-build	crates/fdu-core/build.rs	32	18
clippy::expect_used	production	fdu-core	custom-build	build-script-build	crates/fdu-core/build.rs	41	32
clippy::expect_used	production	fdu-core	custom-build	build-script-build	crates/fdu-core/build.rs	42	5
clippy::expect_used	production	fdu-core	custom-build	build-script-build	crates/fdu-core/build.rs	55	18
clippy::expect_used	production	fdu-core	lib	fdu_core	crates/fdu-core/src/classify.rs	249	19
clippy::expect_used	production	fdu-core	lib	fdu_core	crates/fdu-core/src/classify.rs	311	24
clippy::expect_used	production	fdu-core	lib	fdu_core	crates/fdu-core/src/content/content_analysis.rs	313	34
clippy::expect_used	production	fdu-core	lib	fdu_core	crates/fdu-core/src/content/content_code_metrics.rs	192	29
clippy::expect_used	production	fdu-core	lib	fdu_core	crates/fdu-core/src/content/content_code_metrics.rs	334	11
clippy::expect_used	production	fdu-core	lib	fdu_core	crates/fdu-core/src/index.rs	1089	37
clippy::expect_used	production	fdu-core	lib	fdu_core	crates/fdu-core/src/index.rs	1208	26
clippy::expect_used	production	fdu-core	lib	fdu_core	crates/fdu-core/src/index.rs	1213	13
clippy::expect_used	production	fdu-core	lib	fdu_core	crates/fdu-core/src/index.rs	1230	9
clippy::expect_used	production	fdu-core	lib	fdu_core	crates/fdu-core/src/index.rs	1255	20
clippy::expect_used	production	fdu-core	lib	fdu_core	crates/fdu-core/src/index.rs	1264	17
clippy::expect_used	production	fdu-core	lib	fdu_core	crates/fdu-core/src/index.rs	1407	17
clippy::expect_used	production	fdu-core	lib	fdu_core	crates/fdu-core/src/index.rs	1408	25
clippy::expect_used	production	fdu-core	lib	fdu_core	crates/fdu-core/src/index.rs	1417	22
clippy::expect_used	production	fdu-core	lib	fdu_core	crates/fdu-core/src/index.rs	1429	24
clippy::expect_used	production	fdu-core	lib	fdu_core	crates/fdu-core/src/index.rs	1435	20
clippy::expect_used	production	fdu-core	lib	fdu_core	crates/fdu-core/src/index.rs	1447	28
clippy::expect_used	production	fdu-core	lib	fdu_core	crates/fdu-core/src/index.rs	900	13
clippy::expect_used	production	fdu-core	lib	fdu_core	crates/fdu-core/src/lib.rs	277	17
clippy::expect_used	production	fdu-core	lib	fdu_core	crates/fdu-core/src/query/query_report.rs	1349	22
clippy::expect_used	production	fdu-core	lib	fdu_core	crates/fdu-core/src/query/query_report.rs	1353	20
clippy::expect_used	production	fdu-core	lib	fdu_core	crates/fdu-core/src/scan.rs	884	17
clippy::expect_used	production	fdu-core	lib	fdu_core	crates/fdu-core/src/snapshot.rs	373	47
clippy::expect_used	production	fdu-core	lib	fdu_core	crates/fdu-core/src/snapshot.rs	376	32
clippy::expect_used	test-or-build	fdu-core	test	parallel_equivalence	crates/fdu-core/tests/parallel_equivalence.rs	139	13
clippy::expect_used	test-or-build	fdu-core	test	parallel_equivalence	crates/fdu-core/tests/parallel_equivalence.rs	162	9
clippy::expect_used	test-or-build	fdu-core	test	parallel_equivalence	crates/fdu-core/tests/parallel_equivalence.rs	163	9
clippy::expect_used	test-or-build	fdu-core	test	parallel_equivalence	crates/fdu-core/tests/parallel_equivalence.rs	165	9
clippy::expect_used	test-or-build	fdu-core	test	parallel_equivalence	crates/fdu-core/tests/parallel_equivalence.rs	167	9
clippy::expect_used	test-or-build	fdu-core	test	parallel_equivalence	crates/fdu-core/tests/parallel_equivalence.rs	169	9
clippy::expect_used	test-or-build	fdu-core	test	parallel_equivalence	crates/fdu-core/tests/parallel_equivalence.rs	175	16
clippy::expect_used	test-or-build	fdu-core	test	parallel_equivalence	crates/fdu-core/tests/parallel_equivalence.rs	176	5
clippy::expect_used	test-or-build	fdu-core	test	parallel_equivalence	crates/fdu-core/tests/parallel_equivalence.rs	191	13
clippy::expect_used	test-or-build	fdu-core	test	parallel_equivalence	crates/fdu-core/tests/parallel_equivalence.rs	196	13
clippy::expect_used	test-or-build	fdu-core	test	parallel_equivalence	crates/fdu-core/tests/parallel_equivalence.rs	199	13
clippy::expect_used	test-or-build	fdu-core	test	parallel_equivalence	crates/fdu-core/tests/parallel_equivalence.rs	202	13
clippy::expect_used	test-or-build	fdu-core	test	parallel_equivalence	crates/fdu-core/tests/parallel_equivalence.rs	206	13
clippy::expect_used	test-or-build	fdu-core	test	parallel_equivalence	crates/fdu-core/tests/parallel_equivalence.rs	210	13
clippy::expect_used	test-or-build	fdu-core	test	parallel_equivalence	crates/fdu-core/tests/parallel_equivalence.rs	222	13
clippy::expect_used	test-or-build	fdu-core	test	parallel_equivalence	crates/fdu-core/tests/parallel_equivalence.rs	240	9
clippy::expect_used	test-or-build	fdu-core	test	parallel_equivalence	crates/fdu-core/tests/parallel_equivalence.rs	336	9
clippy::expect_used	test-or-build	fdu-core	test	parallel_equivalence	crates/fdu-core/tests/parallel_equivalence.rs	338	13
clippy::expect_used	test-or-build	fdu-core	test	parallel_equivalence	crates/fdu-core/tests/parallel_equivalence.rs	40	20
clippy::expect_used	test-or-build	fdu-core	test	parallel_equivalence	crates/fdu-core/tests/parallel_equivalence.rs	41	20
clippy::expect_used	test-or-build	fdu-core	test	parallel_equivalence	crates/fdu-core/tests/parallel_equivalence.rs	42	22
clippy::expect_used	test-or-build	fdu-core	test	parallel_equivalence	crates/fdu-core/tests/parallel_equivalence.rs	64	31
clippy::expect_used	test-or-build	fdu-core	test	parallel_equivalence	crates/fdu-core/tests/parallel_equivalence.rs	94	9
clippy::expect_used	test-or-build	fdu-core	test	parallel_equivalence	crates/fdu-core/tests/parallel_equivalence.rs	96	5
clippy::expect_used	test-or-build	fdu-core	test	watch_session	crates/fdu-core/tests/watch_session_integration.rs	23	28
clippy::expect_used	test-or-build	fdu-core	test	watch_session	crates/fdu-core/tests/watch_session_integration.rs	24	5
clippy::expect_used	test-or-build	fdu-core	test	watch_session	crates/fdu-core/tests/watch_session_integration.rs	40	27
clippy::expect_used	production	fdu-py	cdylib	_native	crates/fdu-py/src/lib.rs	404	24
clippy::expect_used	production	fdu-py	cdylib	_native	crates/fdu-py/src/lib.rs	407	30
clippy::expect_used	production	fdu-py	cdylib	_native	crates/fdu-py/src/lib.rs	412	29
clippy::expect_used	production	fdu-py	cdylib	_native	crates/fdu-py/src/lib.rs	890	24
clippy::expect_used	production	fdu	custom-build	build-script-build	crates/fdu/build.rs	43	18
clippy::expect_used	production	fdu	lib	fdu	crates/fdu/src/cli.rs	1185	17
clippy::expect_used	production	fdu	lib	fdu	crates/fdu/src/cli.rs	1477	17
clippy::expect_used	production	fdu	lib	fdu	crates/fdu/src/cli.rs	674	20
clippy::expect_used	production	fdu	lib	fdu	crates/fdu/src/cli.rs	695	21
clippy::expect_used	test-or-build	fdu	test	cli_color	crates/fdu/tests/cli_color.rs	23	5
clippy::expect_used	test-or-build	fdu	test	cli_color	crates/fdu/tests/cli_color.rs	6	5
clippy::expect_used	test-or-build	fdu	test	scan_watermark	crates/fdu/tests/scan_watermark_integration.rs	27	9
clippy::expect_used	test-or-build	fdu	test	scan_watermark	crates/fdu/tests/scan_watermark_integration.rs	41	15
clippy::expect_used	test-or-build	fdu	test	scan_watermark	crates/fdu/tests/scan_watermark_integration.rs	48	5
clippy::expect_used	test-or-build	fdu	test	scan_watermark	crates/fdu/tests/scan_watermark_integration.rs	49	16
clippy::expect_used	test-or-build	fdu	test	scan_watermark	crates/fdu/tests/scan_watermark_integration.rs	50	5
clippy::expect_used	test-or-build	fdu	test	watch_persistence	crates/fdu/tests/watch_persistence.rs	52	18
clippy::indexing_slicing	test-or-build	fdu-core	example	perf_probe	crates/fdu-core/examples/perf_probe.rs	1070	13
clippy::indexing_slicing	test-or-build	fdu-core	example	perf_probe	crates/fdu-core/examples/perf_probe.rs	1070	32
clippy::indexing_slicing	test-or-build	fdu-core	example	perf_probe	crates/fdu-core/examples/perf_probe.rs	1071	35
clippy::indexing_slicing	test-or-build	fdu-core	example	perf_probe	crates/fdu-core/examples/perf_probe.rs	1071	64
clippy::indexing_slicing	test-or-build	fdu-core	example	perf_probe	crates/fdu-core/examples/perf_probe.rs	1072	13
clippy::indexing_slicing	test-or-build	fdu-core	example	perf_probe	crates/fdu-core/examples/perf_probe.rs	1123	13
clippy::indexing_slicing	test-or-build	fdu-core	example	perf_probe	crates/fdu-core/examples/perf_probe.rs	1124	35
clippy::indexing_slicing	test-or-build	fdu-core	example	perf_probe	crates/fdu-core/examples/perf_probe.rs	1126	22
clippy::indexing_slicing	test-or-build	fdu-core	example	perf_probe	crates/fdu-core/examples/perf_probe.rs	1139	9
clippy::indexing_slicing	test-or-build	fdu-core	example	perf_probe	crates/fdu-core/examples/perf_probe.rs	1145	9
clippy::indexing_slicing	test-or-build	fdu-core	example	perf_probe	crates/fdu-core/examples/perf_probe.rs	1148	13
clippy::indexing_slicing	test-or-build	fdu-core	example	perf_probe	crates/fdu-core/examples/perf_probe.rs	1152	13
clippy::indexing_slicing	test-or-build	fdu-core	example	perf_probe	crates/fdu-core/examples/perf_probe.rs	1235	13
clippy::indexing_slicing	test-or-build	fdu-core	example	perf_probe	crates/fdu-core/examples/perf_probe.rs	1238	22
clippy::indexing_slicing	test-or-build	fdu-core	example	perf_probe	crates/fdu-core/examples/perf_probe.rs	1239	19
clippy::indexing_slicing	test-or-build	fdu-core	example	perf_probe	crates/fdu-core/examples/perf_probe.rs	1240	20
clippy::indexing_slicing	test-or-build	fdu-core	example	perf_probe	crates/fdu-core/examples/perf_probe.rs	1241	22
clippy::indexing_slicing	test-or-build	fdu-core	example	perf_probe	crates/fdu-core/examples/perf_probe.rs	1242	19
clippy::indexing_slicing	test-or-build	fdu-core	example	perf_probe	crates/fdu-core/examples/perf_probe.rs	1243	20
clippy::indexing_slicing	test-or-build	fdu-core	example	perf_probe	crates/fdu-core/examples/perf_probe.rs	1244	13
clippy::indexing_slicing	test-or-build	fdu-core	example	perf_probe	crates/fdu-core/examples/perf_probe.rs	1245	17
clippy::indexing_slicing	test-or-build	fdu-core	example	perf_probe	crates/fdu-core/examples/perf_probe.rs	1245	65
clippy::indexing_slicing	test-or-build	fdu-core	example	perf_probe	crates/fdu-core/examples/perf_probe.rs	1254	31
clippy::indexing_slicing	test-or-build	fdu-core	example	perf_probe	crates/fdu-core/examples/perf_probe.rs	1255	31
clippy::indexing_slicing	test-or-build	fdu-core	example	perf_probe	crates/fdu-core/examples/perf_probe.rs	370	34
clippy::indexing_slicing	test-or-build	fdu-core	example	perf_probe	crates/fdu-core/examples/perf_probe.rs	373	57
clippy::indexing_slicing	test-or-build	fdu-core	example	perf_probe	crates/fdu-core/examples/perf_probe.rs	41	32
clippy::indexing_slicing	test-or-build	fdu-core	lib	fdu_core	crates/fdu-core/src/cache.rs	180	17
clippy::indexing_slicing	test-or-build	fdu-core	lib	fdu_core	crates/fdu-core/src/cache.rs	217	32
clippy::indexing_slicing	production	fdu-core	lib	fdu_core	crates/fdu-core/src/classify.rs	460	55
clippy::indexing_slicing	production	fdu-core	lib	fdu_core	crates/fdu-core/src/classify.rs	469	22
clippy::indexing_slicing	production	fdu-core	lib	fdu_core	crates/fdu-core/src/classify/file_type_detection.rs	150	6
clippy::indexing_slicing	production	fdu-core	lib	fdu_core	crates/fdu-core/src/content/content_analysis.rs	208	47
clippy::indexing_slicing	production	fdu-core	lib	fdu_core	crates/fdu-core/src/content/content_analysis.rs	218	35
clippy::indexing_slicing	production	fdu-core	lib	fdu_core	crates/fdu-core/src/content/content_analysis.rs	220	32
clippy::indexing_slicing	production	fdu-core	lib	fdu_core	crates/fdu-core/src/content/content_analysis.rs	223	49
clippy::indexing_slicing	production	fdu-core	lib	fdu_core	crates/fdu-core/src/content/content_analysis.rs	226	47
clippy::indexing_slicing	test-or-build	fdu-core	lib	fdu_core	crates/fdu-core/src/content/content_analysis.rs	625	63
clippy::indexing_slicing	test-or-build	fdu-core	lib	fdu_core	crates/fdu-core/src/content/content_analysis.rs	685	63
clippy::indexing_slicing	test-or-build	fdu-core	lib	fdu_core	crates/fdu-core/src/content/content_analysis.rs	730	63
clippy::indexing_slicing	test-or-build	fdu-core	lib	fdu_core	crates/fdu-core/src/content/content_analysis.rs	736	24
clippy::indexing_slicing	test-or-build	fdu-core	lib	fdu_core	crates/fdu-core/src/content/content_analysis.rs	740	20
clippy::indexing_slicing	test-or-build	fdu-core	lib	fdu_core	crates/fdu-core/src/content/content_basic_metrics.rs	257	36
clippy::indexing_slicing	test-or-build	fdu-core	lib	fdu_core	crates/fdu-core/src/content/content_basic_metrics.rs	257	53
clippy::indexing_slicing	test-or-build	fdu-core	lib	fdu_core	crates/fdu-core/src/content/content_basic_metrics.rs	262	33
clippy::indexing_slicing	test-or-build	fdu-core	lib	fdu_core	crates/fdu-core/src/content/content_basic_metrics.rs	262	50
clippy::indexing_slicing	test-or-build	fdu-core	lib	fdu_core	crates/fdu-core/src/content/content_basic_metrics.rs	262	73
clippy::indexing_slicing	production	fdu-core	lib	fdu_core	crates/fdu-core/src/content/content_basic_metrics.rs	72	56
clippy::indexing_slicing	production	fdu-core	lib	fdu_core	crates/fdu-core/src/content/content_basic_metrics.rs	78	56
clippy::indexing_slicing	production	fdu-core	lib	fdu_core	crates/fdu-core/src/content/content_cache.rs	518	34
clippy::indexing_slicing	test-or-build	fdu-core	lib	fdu_core	crates/fdu-core/src/content/content_cache.rs	695	9
clippy::indexing_slicing	production	fdu-core	lib	fdu_core	crates/fdu-core/src/content/content_code_metrics.rs	193	44
clippy::indexing_slicing	production	fdu-core	lib	fdu_core	crates/fdu-core/src/content/content_code_metrics.rs	197	27
clippy::indexing_slicing	production	fdu-core	lib	fdu_core	crates/fdu-core/src/content/content_code_metrics.rs	207	28
clippy::indexing_slicing	production	fdu-core	lib	fdu_core	crates/fdu-core/src/content/content_code_metrics.rs	222	20
clippy::indexing_slicing	production	fdu-core	lib	fdu_core	crates/fdu-core/src/content/content_code_metrics.rs	231	36
clippy::indexing_slicing	production	fdu-core	lib	fdu_core	crates/fdu-core/src/content/content_code_metrics.rs	240	28
clippy::indexing_slicing	production	fdu-core	lib	fdu_core	crates/fdu-core/src/content/content_code_metrics.rs	246	75
clippy::indexing_slicing	production	fdu-core	lib	fdu_core	crates/fdu-core/src/content/content_code_metrics.rs	254	21
clippy::indexing_slicing	production	fdu-core	lib	fdu_core	crates/fdu-core/src/content/content_code_metrics.rs	261	24
clippy::indexing_slicing	production	fdu-core	lib	fdu_core	crates/fdu-core/src/content/content_code_metrics.rs	270	70
clippy::indexing_slicing	production	fdu-core	lib	fdu_core	crates/fdu-core/src/content/content_code_metrics.rs	280	24
clippy::indexing_slicing	production	fdu-core	lib	fdu_core	crates/fdu-core/src/content/content_code_metrics.rs	330	18
clippy::indexing_slicing	test-or-build	fdu-core	lib	fdu_core	crates/fdu-core/src/content/content_code_metrics.rs	379	41
clippy::indexing_slicing	test-or-build	fdu-core	lib	fdu_core	crates/fdu-core/src/content/content_code_metrics.rs	379	59
clippy::indexing_slicing	production	fdu-core	lib	fdu_core	crates/fdu-core/src/content/content_markdown_metrics.rs	100	22
clippy::indexing_slicing	production	fdu-core	lib	fdu_core	crates/fdu-core/src/content/content_markdown_metrics.rs	113	23
clippy::indexing_slicing	production	fdu-core	lib	fdu_core	crates/fdu-core/src/content/content_markdown_metrics.rs	89	16
clippy::indexing_slicing	production	fdu-core	lib	fdu_core	crates/fdu-core/src/content/content_markdown_metrics.rs	90	42
clippy::indexing_slicing	production	fdu-core	lib	fdu_core	crates/fdu-core/src/content/content_markdown_metrics.rs	95	28
clippy::indexing_slicing	production	fdu-core	lib	fdu_core	crates/fdu-core/src/content/content_markdown_metrics.rs	96	28
clippy::indexing_slicing	production	fdu-core	lib	fdu_core	crates/fdu-core/src/content/content_markdown_metrics.rs	98	29
clippy::indexing_slicing	test-or-build	fdu-core	lib	fdu_core	crates/fdu-core/src/execution.rs	523	45
clippy::indexing_slicing	test-or-build	fdu-core	lib	fdu_core	crates/fdu-core/src/execution.rs	526	45
clippy::indexing_slicing	production	fdu-core	lib	fdu_core	crates/fdu-core/src/index.rs	1247	45
clippy::indexing_slicing	production	fdu-core	lib	fdu_core	crates/fdu-core/src/index.rs	1252	13
clippy::indexing_slicing	production	fdu-core	lib	fdu_core	crates/fdu-core/src/index.rs	1262	38
clippy::indexing_slicing	production	fdu-core	lib	fdu_core	crates/fdu-core/src/index.rs	1270	9
clippy::indexing_slicing	production	fdu-core	lib	fdu_core	crates/fdu-core/src/index.rs	1413	13
clippy::indexing_slicing	production	fdu-core	lib	fdu_core	crates/fdu-core/src/index.rs	1414	13
clippy::indexing_slicing	production	fdu-core	lib	fdu_core	crates/fdu-core/src/index.rs	1435	20
clippy::indexing_slicing	test-or-build	fdu-core	lib	fdu_core	crates/fdu-core/src/index.rs	2677	20
clippy::indexing_slicing	test-or-build	fdu-core	lib	fdu_core	crates/fdu-core/src/index.rs	2678	20
clippy::indexing_slicing	test-or-build	fdu-core	lib	fdu_core	crates/fdu-core/src/index.rs	2681	13
clippy::indexing_slicing	test-or-build	fdu-core	lib	fdu_core	crates/fdu-core/src/index.rs	2719	20
clippy::indexing_slicing	test-or-build	fdu-core	lib	fdu_core	crates/fdu-core/src/index.rs	2745	20
clippy::indexing_slicing	test-or-build	fdu-core	lib	fdu_core	crates/fdu-core/src/index.rs	2746	20
clippy::indexing_slicing	test-or-build	fdu-core	lib	fdu_core	crates/fdu-core/src/index.rs	2750	20
clippy::indexing_slicing	test-or-build	fdu-core	lib	fdu_core	crates/fdu-core/src/index.rs	2765	18
clippy::indexing_slicing	test-or-build	fdu-core	lib	fdu_core	crates/fdu-core/src/index.rs	2771	18
clippy::indexing_slicing	test-or-build	fdu-core	lib	fdu_core	crates/fdu-core/src/index.rs	2806	20
clippy::indexing_slicing	test-or-build	fdu-core	lib	fdu_core	crates/fdu-core/src/index.rs	2836	20
clippy::indexing_slicing	test-or-build	fdu-core	lib	fdu_core	crates/fdu-core/src/index.rs	3021	20
clippy::indexing_slicing	test-or-build	fdu-core	lib	fdu_core	crates/fdu-core/src/index.rs	3056	20
clippy::indexing_slicing	test-or-build	fdu-core	lib	fdu_core	crates/fdu-core/src/index.rs	3057	20
clippy::indexing_slicing	test-or-build	fdu-core	lib	fdu_core	crates/fdu-core/src/index.rs	3071	20
clippy::indexing_slicing	test-or-build	fdu-core	lib	fdu_core	crates/fdu-core/src/index.rs	3072	20
clippy::indexing_slicing	test-or-build	fdu-core	lib	fdu_core	crates/fdu-core/src/platform_tuning.rs	319	35
clippy::indexing_slicing	test-or-build	fdu-core	lib	fdu_core	crates/fdu-core/src/platform_tuning.rs	319	50
clippy::indexing_slicing	test-or-build	fdu-core	lib	fdu_core	crates/fdu-core/src/platform_tuning.rs	320	40
clippy::indexing_slicing	production	fdu-core	lib	fdu_core	crates/fdu-core/src/query/query_glob.rs	328	66
clippy::indexing_slicing	production	fdu-core	lib	fdu_core	crates/fdu-core/src/query/query_glob.rs	350	64
clippy::indexing_slicing	production	fdu-core	lib	fdu_core	crates/fdu-core/src/query/query_report.rs	1314	28
clippy::indexing_slicing	production	fdu-core	lib	fdu_core	crates/fdu-core/src/query/query_report.rs	1314	46
clippy::indexing_slicing	production	fdu-core	lib	fdu_core	crates/fdu-core/src/query/query_report.rs	1315	20
clippy::indexing_slicing	production	fdu-core	lib	fdu_core	crates/fdu-core/src/query/query_report.rs	1322	13
clippy::indexing_slicing	production	fdu-core	lib	fdu_core	crates/fdu-core/src/query/query_report.rs	1331	9
clippy::indexing_slicing	production	fdu-core	lib	fdu_core	crates/fdu-core/src/query/query_report.rs	1350	9
clippy::indexing_slicing	test-or-build	fdu-core	lib	fdu_core	crates/fdu-core/src/query/query_report.rs	1779	20
clippy::indexing_slicing	test-or-build	fdu-core	lib	fdu_core	crates/fdu-core/src/query/query_report.rs	1780	20
clippy::indexing_slicing	test-or-build	fdu-core	lib	fdu_core	crates/fdu-core/src/query/query_report.rs	1793	20
clippy::indexing_slicing	test-or-build	fdu-core	lib	fdu_core	crates/fdu-core/src/query/query_report.rs	1832	20
clippy::indexing_slicing	test-or-build	fdu-core	lib	fdu_core	crates/fdu-core/src/query/query_report.rs	1861	17
clippy::indexing_slicing	test-or-build	fdu-core	lib	fdu_core	crates/fdu-core/src/query/query_report.rs	1960	34
clippy::indexing_slicing	test-or-build	fdu-core	lib	fdu_core	crates/fdu-core/src/query/query_report.rs	1973	20
clippy::indexing_slicing	test-or-build	fdu-core	lib	fdu_core	crates/fdu-core/src/query/query_report.rs	1974	20
clippy::indexing_slicing	test-or-build	fdu-core	lib	fdu_core	crates/fdu-core/src/query/query_report.rs	2005	56
clippy::indexing_slicing	test-or-build	fdu-core	lib	fdu_core	crates/fdu-core/src/query/query_report.rs	2013	59
clippy::indexing_slicing	test-or-build	fdu-core	lib	fdu_core	crates/fdu-core/src/query/query_report.rs	2020	60
clippy::indexing_slicing	production	fdu-core	lib	fdu_core	crates/fdu-core/src/query/query_values.rs	315	28
clippy::indexing_slicing	production	fdu-core	lib	fdu_core	crates/fdu-core/src/query/query_values.rs	315	48
clippy::indexing_slicing	production	fdu-core	lib	fdu_core	crates/fdu-core/src/query/query_values.rs	338	27
clippy::indexing_slicing	production	fdu-core	lib	fdu_core	crates/fdu-core/src/query/query_values.rs	338	58
clippy::indexing_slicing	production	fdu-core	lib	fdu_core	crates/fdu-core/src/query/query_values.rs	445	27
clippy::indexing_slicing	production	fdu-core	lib	fdu_core	crates/fdu-core/src/report_format.rs	1280	40
clippy::indexing_slicing	production	fdu-core	lib	fdu_core	crates/fdu-core/src/report_format.rs	1282	31
clippy::indexing_slicing	test-or-build	fdu-core	lib	fdu_core	crates/fdu-core/src/report_format.rs	1526	51
clippy::indexing_slicing	test-or-build	fdu-core	lib	fdu_core	crates/fdu-core/src/report_format.rs	1538	51
clippy::indexing_slicing	test-or-build	fdu-core	lib	fdu_core	crates/fdu-core/src/report_format.rs	1743	20
clippy::indexing_slicing	test-or-build	fdu-core	lib	fdu_core	crates/fdu-core/src/report_format.rs	1743	44
clippy::indexing_slicing	test-or-build	fdu-core	lib	fdu_core	crates/fdu-core/src/report_format.rs	1744	20
clippy::indexing_slicing	test-or-build	fdu-core	lib	fdu_core	crates/fdu-core/src/report_format.rs	1744	40
clippy::indexing_slicing	test-or-build	fdu-core	lib	fdu_core	crates/fdu-core/src/report_format.rs	1783	20
clippy::indexing_slicing	test-or-build	fdu-core	lib	fdu_core	crates/fdu-core/src/report_format.rs	1783	39
clippy::indexing_slicing	test-or-build	fdu-core	lib	fdu_core	crates/fdu-core/src/report_format.rs	1790	20
clippy::indexing_slicing	test-or-build	fdu-core	lib	fdu_core	crates/fdu-core/src/report_format.rs	1790	41
clippy::indexing_slicing	test-or-build	fdu-core	lib	fdu_core	crates/fdu-core/src/report_format.rs	1899	17
clippy::indexing_slicing	test-or-build	fdu-core	lib	fdu_core	crates/fdu-core/src/report_format.rs	2046	25
clippy::indexing_slicing	production	fdu-core	lib	fdu_core	crates/fdu-core/src/scan.rs	2242	17
clippy::indexing_slicing	production	fdu-core	lib	fdu_core	crates/fdu-core/src/scan.rs	2243	21
clippy::indexing_slicing	production	fdu-core	lib	fdu_core	crates/fdu-core/src/scan.rs	2244	21
clippy::indexing_slicing	production	fdu-core	lib	fdu_core	crates/fdu-core/src/scan.rs	2284	17
clippy::indexing_slicing	production	fdu-core	lib	fdu_core	crates/fdu-core/src/scan.rs	2285	35
clippy::indexing_slicing	production	fdu-core	lib	fdu_core	crates/fdu-core/src/scan.rs	2291	43
clippy::indexing_slicing	production	fdu-core	lib	fdu_core	crates/fdu-core/src/scan.rs	2292	21
clippy::indexing_slicing	production	fdu-core	lib	fdu_core	crates/fdu-core/src/scan.rs	3316	42
clippy::indexing_slicing	production	fdu-core	lib	fdu_core	crates/fdu-core/src/scan.rs	3496	54
clippy::indexing_slicing	test-or-build	fdu-core	lib	fdu_core	crates/fdu-core/src/scan.rs	3933	23
clippy::indexing_slicing	test-or-build	fdu-core	lib	fdu_core	crates/fdu-core/src/scan.rs	4051	20
clippy::indexing_slicing	test-or-build	fdu-core	lib	fdu_core	crates/fdu-core/src/scan.rs	4052	20
clippy::indexing_slicing	test-or-build	fdu-core	lib	fdu_core	crates/fdu-core/src/scan.rs	4053	20
clippy::indexing_slicing	test-or-build	fdu-core	lib	fdu_core	crates/fdu-core/src/scan.rs	4337	51
clippy::indexing_slicing	test-or-build	fdu-core	lib	fdu_core	crates/fdu-core/src/scan.rs	4337	62
clippy::indexing_slicing	test-or-build	fdu-core	lib	fdu_core	crates/fdu-core/src/scan.rs	4541	28
clippy::indexing_slicing	test-or-build	fdu-core	lib	fdu_core	crates/fdu-core/src/scan.rs	4671	56
clippy::indexing_slicing	test-or-build	fdu-core	lib	fdu_core	crates/fdu-core/src/scan.rs	4797	29
clippy::indexing_slicing	test-or-build	fdu-core	lib	fdu_core	crates/fdu-core/src/scan.rs	4797	58
clippy::indexing_slicing	test-or-build	fdu-core	lib	fdu_core	crates/fdu-core/src/scan.rs	4834	13
clippy::indexing_slicing	test-or-build	fdu-core	lib	fdu_core	crates/fdu-core/src/scan.rs	5230	20
clippy::indexing_slicing	test-or-build	fdu-core	lib	fdu_core	crates/fdu-core/src/scan.rs	5231	20
clippy::indexing_slicing	test-or-build	fdu-core	lib	fdu_core	crates/fdu-core/src/scan.rs	5791	20
clippy::indexing_slicing	test-or-build	fdu-core	lib	fdu_core	crates/fdu-core/src/snapshot.rs	1176	13
clippy::indexing_slicing	test-or-build	fdu-core	lib	fdu_core	crates/fdu-core/src/snapshot.rs	1270	31
clippy::indexing_slicing	test-or-build	fdu-core	lib	fdu_core	crates/fdu-core/src/snapshot.rs	1287	9
clippy::indexing_slicing	test-or-build	fdu-core	lib	fdu_core	crates/fdu-core/src/snapshot.rs	1307	9
clippy::indexing_slicing	test-or-build	fdu-core	lib	fdu_core	crates/fdu-core/src/snapshot.rs	1324	13
clippy::indexing_slicing	test-or-build	fdu-core	lib	fdu_core	crates/fdu-core/src/snapshot.rs	1348	9
clippy::indexing_slicing	test-or-build	fdu-core	lib	fdu_core	crates/fdu-core/src/snapshot.rs	1363	9
clippy::indexing_slicing	test-or-build	fdu-core	lib	fdu_core	crates/fdu-core/src/snapshot.rs	1538	56
clippy::indexing_slicing	production	fdu-core	lib	fdu_core	crates/fdu-core/src/snapshot.rs	350	49
clippy::indexing_slicing	production	fdu-core	lib	fdu_core	crates/fdu-core/src/snapshot.rs	373	47
clippy::indexing_slicing	production	fdu-core	lib	fdu_core	crates/fdu-core/src/snapshot.rs	376	32
clippy::indexing_slicing	production	fdu-core	lib	fdu_core	crates/fdu-core/src/snapshot.rs	377	17
clippy::indexing_slicing	production	fdu-core	lib	fdu_core	crates/fdu-core/src/snapshot.rs	378	15
clippy::indexing_slicing	production	fdu-core	lib	fdu_core	crates/fdu-core/src/snapshot.rs	379	15
clippy::indexing_slicing	production	fdu-core	lib	fdu_core	crates/fdu-core/src/snapshot.rs	380	15
clippy::indexing_slicing	production	fdu-core	lib	fdu_core	crates/fdu-core/src/snapshot.rs	381	15
clippy::indexing_slicing	production	fdu-core	lib	fdu_core	crates/fdu-core/src/snapshot.rs	382	15
clippy::indexing_slicing	production	fdu-core	lib	fdu_core	crates/fdu-core/src/snapshot.rs	383	15
clippy::indexing_slicing	production	fdu-core	lib	fdu_core	crates/fdu-core/src/snapshot.rs	384	15
clippy::indexing_slicing	production	fdu-core	lib	fdu_core	crates/fdu-core/src/snapshot.rs	388	17
clippy::indexing_slicing	production	fdu-core	lib	fdu_core	crates/fdu-core/src/snapshot.rs	404	9
clippy::indexing_slicing	production	fdu-core	lib	fdu_core	crates/fdu-core/src/snapshot.rs	414	28
clippy::indexing_slicing	production	fdu-core	lib	fdu_core	crates/fdu-core/src/snapshot.rs	415	13
clippy::indexing_slicing	production	fdu-core	lib	fdu_core	crates/fdu-core/src/snapshot.rs	415	36
clippy::indexing_slicing	test-or-build	fdu-core	lib	fdu_core	crates/fdu-core/src/snapshot.rs	918	13
clippy::indexing_slicing	test-or-build	fdu-core	lib	fdu_core	crates/fdu-core/src/snapshot.rs	927	32
clippy::indexing_slicing	test-or-build	fdu-core	lib	fdu_core	crates/fdu-core/src/snapshot.rs	928	9
clippy::indexing_slicing	test-or-build	fdu-core	lib	fdu_core	crates/fdu-core/src/snapshot.rs	945	25
clippy::indexing_slicing	test-or-build	fdu-core	lib	fdu_core	crates/fdu-core/src/watch.rs	1061	14
clippy::indexing_slicing	production	fdu-core	lib	fdu_core	crates/fdu-core/src/watch.rs	488	32
clippy::indexing_slicing	test-or-build	fdu-core	lib	fdu_core	crates/fdu-core/src/watch.rs	985	14
clippy::indexing_slicing	test-or-build	fdu-core	test	parallel_equivalence	crates/fdu-core/tests/parallel_equivalence.rs	306	21
clippy::indexing_slicing	test-or-build	fdu-core	test	watch_session	crates/fdu-core/tests/watch_session_integration.rs	157	24
clippy::indexing_slicing	test-or-build	fdu-core	test	watch_session	crates/fdu-core/tests/watch_session_integration.rs	170	25
clippy::indexing_slicing	production	fdu	lib	fdu	crates/fdu/src/cli.rs	1376	30
clippy::indexing_slicing	test-or-build	fdu	lib	fdu	crates/fdu/src/cli.rs	2155	17
clippy::indexing_slicing	test-or-build	fdu	lib	fdu	crates/fdu/src/cli.rs	2156	17
clippy::panic	production	fdu-core	custom-build	build-script-build	crates/fdu-core/build.rs	33	61
clippy::panic	production	fdu-core	custom-build	build-script-build	crates/fdu-core/build.rs	34	51
clippy::panic	test-or-build	fdu-core	lib	fdu_core	crates/fdu-core/src/content/content_analysis.rs	626	13
clippy::panic	test-or-build	fdu-core	lib	fdu_core	crates/fdu-core/src/content/content_analysis.rs	686	13
clippy::panic	test-or-build	fdu-core	lib	fdu_core	crates/fdu-core/src/content/content_analysis.rs	731	13
clippy::panic	test-or-build	fdu-core	lib	fdu_core	crates/fdu-core/src/content/content_basic_metrics.rs	231	22
clippy::panic	test-or-build	fdu-core	lib	fdu_core	crates/fdu-core/src/content/content_basic_metrics.rs	319	13
clippy::panic	test-or-build	fdu-core	lib	fdu_core	crates/fdu-core/src/execution.rs	524	13
clippy::panic	test-or-build	fdu-core	lib	fdu_core	crates/fdu-core/src/execution.rs	527	13
clippy::panic	production	fdu-core	lib	fdu_core	crates/fdu-core/src/index.rs	1237	17
clippy::panic	production	fdu-core	lib	fdu_core	crates/fdu-core/src/index.rs	1267	17
clippy::panic	test-or-build	fdu-core	lib	fdu_core	crates/fdu-core/src/index.rs	2252	36
clippy::panic	test-or-build	fdu-core	lib	fdu_core	crates/fdu-core/src/index.rs	2262	29
clippy::panic	test-or-build	fdu-core	lib	fdu_core	crates/fdu-core/src/index.rs	2281	13
clippy::panic	test-or-build	fdu-core	lib	fdu_core	crates/fdu-core/src/query/query_glob.rs	396	22
clippy::panic	test-or-build	fdu-core	lib	fdu_core	crates/fdu-core/src/query/query_report.rs	1574	22
clippy::panic	test-or-build	fdu-core	lib	fdu_core	crates/fdu-core/src/query/query_report.rs	1581	22
clippy::panic	test-or-build	fdu-core	lib	fdu_core	crates/fdu-core/src/query/query_report.rs	1588	22
clippy::panic	test-or-build	fdu-core	lib	fdu_core	crates/fdu-core/src/query/query_report.rs	1595	22
clippy::panic	test-or-build	fdu-core	lib	fdu_core	crates/fdu-core/src/query/query_report.rs	1962	22
clippy::panic	test-or-build	fdu-core	lib	fdu_core	crates/fdu-core/src/query/query_report.rs	2006	13
clippy::panic	test-or-build	fdu-core	lib	fdu_core	crates/fdu-core/src/query/query_report.rs	2014	13
clippy::panic	test-or-build	fdu-core	lib	fdu_core	crates/fdu-core/src/query/query_report.rs	2021	13
clippy::panic	test-or-build	fdu-core	lib	fdu_core	crates/fdu-core/src/query/query_values.rs	513	22
clippy::panic	test-or-build	fdu-core	lib	fdu_core	crates/fdu-core/src/query/query_values.rs	520	22
clippy::panic	test-or-build	fdu-core	lib	fdu_core	crates/fdu-core/src/report_format.rs	1527	13
clippy::panic	test-or-build	fdu-core	lib	fdu_core	crates/fdu-core/src/report_format.rs	1539	13
clippy::panic	test-or-build	fdu-core	lib	fdu_core	crates/fdu-core/src/scan.rs	5684	13
clippy::panic	test-or-build	fdu-core	lib	fdu_core	crates/fdu-core/src/snapshot.rs	1611	36
clippy::panic	test-or-build	fdu-core	lib	fdu_core	crates/fdu-core/src/snapshot.rs	1621	29
clippy::panic	test-or-build	fdu-core	lib	fdu_core	crates/fdu-core/src/watch.rs	1093	40
clippy::panic	test-or-build	fdu-core	lib	fdu_core	crates/fdu-core/src/watch.rs	704	31
clippy::panic	test-or-build	fdu-core	lib	fdu_core	crates/fdu-core/src/watch.rs	733	22
clippy::panic	test-or-build	fdu-core	test	parallel_equivalence	crates/fdu-core/tests/parallel_equivalence.rs	85	5
clippy::panic	test-or-build	fdu-core	test	watch_session	crates/fdu-core/tests/watch_session_integration.rs	159	18
clippy::panic	test-or-build	fdu-core	test	watch_session	crates/fdu-core/tests/watch_session_integration.rs	172	18
clippy::panic	test-or-build	fdu	lib	fdu	crates/fdu/src/cli.rs	2049	54
clippy::panic	test-or-build	fdu	lib	fdu	crates/fdu/src/cli.rs	2053	56
clippy::panic	test-or-build	fdu	test	scan_watermark	crates/fdu/tests/scan_watermark_integration.rs	39	53
clippy::wildcard_enum_match_arm	test-or-build	fdu-core	lib	fdu_core	crates/fdu-core/src/content/content_basic_metrics.rs	231	13
clippy::wildcard_enum_match_arm	production	fdu-core	lib	fdu_core	crates/fdu-core/src/query/query_glob.rs	114	21
clippy::wildcard_enum_match_arm	production	fdu-core	lib	fdu_core	crates/fdu-core/src/query/query_report.rs	109	13
clippy::wildcard_enum_match_arm	production	fdu-core	lib	fdu_core	crates/fdu-core/src/query/query_report.rs	1148	13
clippy::wildcard_enum_match_arm	test-or-build	fdu-core	lib	fdu_core	crates/fdu-core/src/query/query_report.rs	1574	13
clippy::wildcard_enum_match_arm	test-or-build	fdu-core	lib	fdu_core	crates/fdu-core/src/query/query_report.rs	1581	13
clippy::wildcard_enum_match_arm	test-or-build	fdu-core	lib	fdu_core	crates/fdu-core/src/query/query_report.rs	1588	13
clippy::wildcard_enum_match_arm	test-or-build	fdu-core	lib	fdu_core	crates/fdu-core/src/query/query_report.rs	1595	13
clippy::wildcard_enum_match_arm	test-or-build	fdu-core	lib	fdu_core	crates/fdu-core/src/query/query_report.rs	1962	13
clippy::wildcard_enum_match_arm	production	fdu-core	lib	fdu_core	crates/fdu-core/src/query/query_report.rs	97	13
clippy::wildcard_enum_match_arm	production	fdu-core	lib	fdu_core	crates/fdu-core/src/report_format.rs	166	17
clippy::wildcard_enum_match_arm	production	fdu-core	lib	fdu_core	crates/fdu-core/src/scan.rs	1255	13
clippy::wildcard_enum_match_arm	production	fdu-core	lib	fdu_core	crates/fdu-core/src/watch.rs	503	9
clippy::wildcard_enum_match_arm	production	fdu-core	lib	fdu_core	crates/fdu-core/src/watch.rs	643	9
clippy::wildcard_enum_match_arm	test-or-build	fdu-core	lib	fdu_core	crates/fdu-core/src/watch.rs	733	13
clippy::wildcard_enum_match_arm	test-or-build	fdu-core	test	watch_session	crates/fdu-core/tests/watch_session_integration.rs	159	9
clippy::wildcard_enum_match_arm	test-or-build	fdu-core	test	watch_session	crates/fdu-core/tests/watch_session_integration.rs	172	9
clippy::wildcard_enum_match_arm	production	fdu-py	cdylib	_native	crates/fdu-py/src/lib.rs	59	9
clippy::wildcard_enum_match_arm	production	fdu-py	cdylib	_native	crates/fdu-py/src/lib.rs	633	9
clippy::wildcard_enum_match_arm	production	fdu-py	cdylib	_native	crates/fdu-py/src/lib.rs	80	13
clippy::wildcard_enum_match_arm	production	fdu	lib	fdu	crates/fdu/src/cli.rs	1407	21
